cand-s4-ebay-4bdd8d724d2faee72a	dh-20260730T170046Z-7d4c2a91	4	2026-07-30T17:05:44.524826+00:00	MLB PROSPECT/true_first_bowman	Franklin Arias	true_first_bowman_card	eBay	babybulin4		v1|227374703113|0	https://www.ebay.com/itm/227374703113	LIVE	2025 TOPPS Bowman 1st Chrome Prospects - FRANKLIN ARIAS (Topps Bunt DigitallCard
cand-s4-ebay-f901dbd55c88f3d643	dh-20260730T170046Z-7d4c2a91	4	2026-07-30T17:05:44.524826+00:00	MLB PROSPECT/true_first_bowman	George Lombard Jr	true_first_bowman_card	eBay	blendedvybz		v1|158117566064|0	https://www.ebay.com/itm/158117566064	LIVE	2024 Bowman Chrome George Lombard Jr. 1st Bowman #BCP-79 NY Yankees Hot Prospect
cand-s4-ebay-d041bfe0403fb7ee18	dh-20260730T170046Z-7d4c2a91	4	2026-07-30T17:05:44.524826+00:00	MLB PROSPECT/first_bowman_autograph_color_numbered	Jesus Made	true_first_bowman_autograph_parallel	eBay	siouxss38		v1|335958180783|0	https://www.ebay.com/itm/335958180783	LIVE	2025 Bowman Kyle DeBarge 1st Bowman Auto Blue /150 Minnesota Twins Color Match
cand-s4-ebay-7ba31fd58ae49a7ae4	dh-20260730T170046Z-7d4c2a91	4	2026-07-30T17:05:44.524826+00:00	MLB PROSPECT/true_first_bowman	Jesus Made	true_first_bowman_card	eBay	goodworldpublishing		v1|377367232277|0	https://www.ebay.com/itm/377367232277	LIVE	2025 BOWMAN CHROME JESUS MADE BOWMAN 1ST PROSPECTS #BCP-50
cand-s4-ebay-e9e87c9ad3636f5c87	dh-20260730T170046Z-7d4c2a91	4	2026-07-30T17:05:44.524826+00:00	MLB PROSPECT/first_bowman_autograph_color_numbered	Josue De Paula	true_first_bowman_autograph_parallel	eBay	olbaldie		v1|116047417563|416211551106	https://www.ebay.com/itm/116047417563	LIVE	2023 Bowman's Best ~ PICK YOUR CARD ~ Auto, Refractor, Wave, Color, Inserts, RC
cand-s4-ebay-994c4ba8287c0170b5	dh-20260730T170046Z-7d4c2a91	4	2026-07-30T17:05:44.524826+00:00	MLB PROSPECT/true_first_bowman	Josue De Paula	true_first_bowman_card	eBay	djn369		v1|407068073324|0	https://www.ebay.com/itm/407068073324	LIVE	2023 1st Bowman Chrome Josue De Paula BCP-111 Mojo Refractor
cand-s4-ebay-536e1ab38baba00118	dh-20260730T170046Z-7d4c2a91	4	2026-07-30T17:05:44.524826+00:00	MLB PROSPECT/first_bowman_autograph_color_numbered	Leo De Vries	true_first_bowman_autograph_parallel	eBay	murcinary207		v1|178260668736|0	https://www.ebay.com/itm/178260668736	LIVE	2026 Leaf PRO SET Leo De Vries AUTO /20 REFRACTOR SSP Rookie Card No. 90A-LDV 📈
cand-s4-ebay-a6983585c51d731104	dh-20260730T170046Z-7d4c2a91	4	2026-07-30T17:05:44.524826+00:00	MLB PROSPECT/true_first_bowman	Leo De Vries	true_first_bowman_card	eBay	sportscards_wa1		v1|158132336112|0	https://www.ebay.com/itm/158132336112	LIVE	2024 Bowman Chrome - Prospects Leo De Vries #BCP-179 1st Bowman
cand-s4-ebay-5485c3b085e36686aa	dh-20260730T170046Z-7d4c2a91	4	2026-07-30T17:05:44.524826+00:00	IVAN/autograph_memorabilia	Ivan Demidov	nhl_rookie_autograph_memorabilia	eBay	russcardworld		v1|306989729658|0	https://www.ebay.com/itm/306989729658	LIVE	2025-26 Upper Deck #93 Ivan Demidov NHL All Star Rookies
cand-s4-ebay-59b4f375b757b378cd	dh-20260730T170046Z-7d4c2a91	4	2026-07-30T17:05:44.524826+00:00	IVAN/professional_rookies	Ivan Demidov	professional_nhl_rookie_card	eBay	renbern775		v1|318533877895|0	https://www.ebay.com/itm/318533877895	LIVE	2025-26 Sp - Rookie Authentics Ivan Demidov #137 Blue (RC)
cand-s4-ebay-8e76deda96985b55cf	dh-20260730T170046Z-7d4c2a91	4	2026-07-30T17:05:44.524826+00:00	IVAN/young_guns_parallels	Ivan Demidov	young_guns_rookie_parallel	eBay	moosecards72		v1|358793324437|0	https://www.ebay.com/itm/358793324437	LIVE	2025-26 Upper Deck Series 1 - Ivan Demidov Artyom Levshunov Young Guns Checklist
cand-s4-ebay-d7ed28f5dd6c3a28f6	dh-20260730T170046Z-7d4c2a91	4	2026-07-30T17:05:44.524826+00:00	MICHKOV OPCP/opc_platinum_rookie_rainbow_or_better	Matvei Michkov	opc_platinum_rookie_parallel_or_autograph	eBay	sulleycollects		v1|318010432611|0	https://www.ebay.com/itm/318010432611	LIVE	2024-25 O-Pee-Chee Platinum Rainbow Rookie Matvei Michkov #R92 Flyers Retro
cand-s4-ebay-0c933dbd7efc10b732	dh-20260730T170046Z-7d4c2a91	4	2026-07-30T17:05:44.524826+00:00	MICHKOV YG/young_guns_deal_and_misspelling	Matvei Michkov	young_guns_rookie_card	eBay	alber_3921		v1|398221523667|0	https://www.ebay.com/itm/398221523667	LIVE	Matvei Michkov/Ivan Fedetov Upper Deck Young Guns Teammates Rookie Card #496
cand-s4-ebay-c4e7243089ff75e2b9	dh-20260730T170046Z-7d4c2a91	4	2026-07-30T17:05:44.524826+00:00	SIGNED BALL/signed_prospect_baseball	Franklin Arias	signed_prospect_baseball	eBay	flowercityautographs		v1|168427811959|0	https://www.ebay.com/itm/168427811959	LIVE	Franklin Arias Boston Red Sox signed autographed omlb Baseball #1 Prospect
cand-s4-ebay-3def5de9cc4263fe2a	dh-20260730T170046Z-7d4c2a91	4	2026-07-30T17:05:44.524826+00:00	SIGNED BALL/signed_prospect_baseball	George Lombard Jr	signed_prospect_baseball	eBay	collectilblesnmore2552		v1|188582828136|0	https://www.ebay.com/itm/188582828136	LIVE	George Lombard Jr Signed Autographed 2024 Donruss Baseball Card
cand-s4-ebay-5fcdf4e5064d24d8b5	dh-20260730T170046Z-7d4c2a91	4	2026-07-30T17:05:44.524826+00:00	SIGNED BALL/signed_prospect_baseball	Jesus Made	signed_prospect_baseball	eBay	cardbeast_40		v1|306432174356|0	https://www.ebay.com/itm/306432174356	LIVE	JESUS MADE Brewers Signed Rawlings Baseball Ball ROMLB Autographed Auto
cand-s4-ebay-3b14b981171da505fb	dh-20260730T170046Z-7d4c2a91	4	2026-07-30T17:05:44.524826+00:00	SIGNED BALL/signed_prospect_baseball	Josue De Paula	signed_prospect_baseball	eBay	quickrip26		v1|388896995546|0	https://www.ebay.com/itm/388896995546	LIVE	Josue De Paula 2023 Bowman Platinum Auto signed autograph baseball card Dodgers
cand-s4-ebay-450c0e48a3a82a5b3f	dh-20260730T170046Z-7d4c2a91	4	2026-07-30T17:05:44.524826+00:00	SIGNED BALL/signed_prospect_baseball	Leo De Vries	signed_prospect_baseball	eBay	cardtrader_91		v1|377359423949|0	https://www.ebay.com/itm/377359423949	LIVE	LEO DE VRIES Auto Autographed Signed Major League Baseball OMLB  BECKETT CERT
cand-s4-ebay-85b3744e8ad1386479	dh-20260730T170046Z-7d4c2a91	4	2026-07-30T17:05:44.524826+00:00	WNBA/autograph_memorabilia	Caitlin Clark	professional_wnba_rookie_autograph_memorabilia	eBay	geezee_sports_cards		v1|187474527621|0	https://www.ebay.com/itm/187474527621	LIVE	2024 Select WNBA Caitlin Clark RC AUTO-PATCH Purple Prizm /99
cand-s4-ebay-928ab4a956f9292716	dh-20260730T170046Z-7d4c2a91	4	2026-07-30T17:05:44.524826+00:00	WNBA/broad_professional_rookies	Caitlin Clark	professional_wnba_rookie_card	eBay	creativeimages68		v1|127981624206|0	https://www.ebay.com/itm/127981624206	LIVE	Caitlin Clark Rookie WNBA 4x6 Indiana Fever 45 points 10 assists 7/17/26
cand-s4-ebay-c850a1ff709ffcfe0e	dh-20260730T170046Z-7d4c2a91	4	2026-07-30T17:05:44.524826+00:00	WNBA/autograph_memorabilia	Dominique Malonga	professional_wnba_rookie_autograph_memorabilia	eBay	awenterprises23		v1|366476586649|0	https://www.ebay.com/itm/366476586649	LIVE	DOMINIQUE MALONGA 2025 Panini Select WNBA ROOKIE PATCH AUTO SILVER SP Storm🔥🔥
cand-s4-ebay-a7975d63f9133adf8e	dh-20260730T170046Z-7d4c2a91	4	2026-07-30T17:05:44.524826+00:00	WNBA/broad_professional_rookies	Dominique Malonga	professional_wnba_rookie_card	eBay	socal310cardz		v1|358843787541|0	https://www.ebay.com/itm/358843787541	LIVE	Panini 2025 Prizm WNBA Dominique Malonga Seattle Storm Rookie #144 Card
cand-s4-ebay-9b2d5dc05910418c6e	dh-20260730T170046Z-7d4c2a91	4	2026-07-30T17:05:44.524826+00:00	WNBA/autograph_memorabilia	Kiki Iriafen	professional_wnba_rookie_autograph_memorabilia	eBay	burks4263		v1|336624374416|0	https://www.ebay.com/itm/336624374416	LIVE	2025 PANINI WNBA ONE AND ONE ROOKIE PATCH AUTOGRAPH SP KIKI IRIAFEN 81/99
cand-s4-ebay-07ada3ad32caa563a8	dh-20260730T170046Z-7d4c2a91	4	2026-07-30T17:05:44.524826+00:00	WNBA/broad_professional_rookies	Kiki Iriafen	professional_wnba_rookie_card	eBay	bjbsportscards		v1|198136694577|0	https://www.ebay.com/itm/198136694577	LIVE	2025 WNBA Prizm Kiki Iriafen Groovy Rookie Insert #15 Washington Mystics
cand-s4-ebay-89d32977dbd956973b	dh-20260730T170046Z-7d4c2a91	4	2026-07-30T17:05:44.524826+00:00	WNBA/autograph_memorabilia	Paige Bueckers	professional_wnba_rookie_autograph_memorabilia	eBay	lmum7040		v1|366554896100|0	https://www.ebay.com/itm/366554896100	LIVE	Paige Bueckers RPA 2025 Panini Select WNBA RC Auto Blue /49 Wings Rookie Patch
cand-s4-ebay-944f4b9659e8cebcf5	dh-20260730T170046Z-7d4c2a91	4	2026-07-30T17:05:44.524826+00:00	WNBA/broad_professional_rookies	Paige Bueckers	professional_wnba_rookie_card	eBay	stekalino24		v1|127986061943|0	https://www.ebay.com/itm/127986061943	LIVE	Paige Bueckers 2025 Prizm WNBA Fractal Insert Base Card #13 Dallas Wings
cand-s4-ebay-c3b6e71b1ee508052a	dh-20260730T170046Z-7d4c2a91	4	2026-07-30T17:05:44.524826+00:00	WNBA/autograph_memorabilia	Sonia Citron	professional_wnba_rookie_autograph_memorabilia	eBay	harveyiscool		v1|236958697224|0	https://www.ebay.com/itm/236958697224	LIVE	Sonia Citron 2025 Panini WNBA Crown Royale Silhouette RPA RC Patch Auto 01/99!
cand-s4-ebay-c23235d0667ca57b4c	dh-20260730T170046Z-7d4c2a91	4	2026-07-30T17:05:44.524826+00:00	WNBA/broad_professional_rookies	Sonia Citron	professional_wnba_rookie_card	eBay	lets_make_stickers		v1|127998405633|0	https://www.ebay.com/itm/127998405633	LIVE	2025 Panini WNBA Prizm Fearless 15 Sonia Citron Washington Mystics Rookie Card
