dh-20260730T170046Z-7d4c2a91	4	eBay Native Browse	WNBA / wnba.caitlin-clark.broad-professional-rookies	COMPLETE	Caitlin Clark Indiana Fever WNBA rookie card	20	20	0	{"endpoint":"wnba","familyId":"wnba.caitlin-clark.broad-professional-rookies","warnings":[],"rejectionCounts":{},"durationMs":1070,"deployment":{"environment":"production","commitSha":"8eef48590b58","region":"iad1"},"searchEngine":"Production eBay Browse item_summary/search","tokenMode":"client_credentials"}
dh-20260730T170046Z-7d4c2a91	4	eBay Native Browse	WNBA / wnba.caitlin-clark.silver-color-numbered-ssp	COMPLETE	Caitlin Clark WNBA rookie silver color numbered SSP	0	0	0	{"endpoint":"wnba","familyId":"wnba.caitlin-clark.silver-color-numbered-ssp","warnings":[],"rejectionCounts":{},"durationMs":834,"deployment":{"environment":"production","commitSha":"8eef48590b58","region":"iad1"},"searchEngine":"Production eBay Browse item_summary/search","tokenMode":"client_credentials"}
dh-20260730T170046Z-7d4c2a91	4	eBay Native Browse	WNBA / wnba.caitlin-clark.autograph-memorabilia	COMPLETE	Caitlin Clark WNBA rookie autograph auto patch memorabilia	8	8	0	{"endpoint":"wnba","familyId":"wnba.caitlin-clark.autograph-memorabilia","warnings":[],"rejectionCounts":{},"durationMs":982,"deployment":{"environment":"production","commitSha":"8eef48590b58","region":"iad1"},"searchEngine":"Production eBay Browse item_summary/search","tokenMode":"client_credentials"}
dh-20260730T170046Z-7d4c2a91	4	eBay Native Browse	WNBA / wnba.paige-bueckers.broad-professional-rookies	COMPLETE	Paige Bueckers Dallas Wings WNBA rookie card	20	20	0	{"endpoint":"wnba","familyId":"wnba.paige-bueckers.broad-professional-rookies","warnings":[],"rejectionCounts":{},"durationMs":1075,"deployment":{"environment":"production","commitSha":"8eef48590b58","region":"iad1"},"searchEngine":"Production eBay Browse item_summary/search","tokenMode":"client_credentials"}
dh-20260730T170046Z-7d4c2a91	4	eBay Native Browse	WNBA / wnba.paige-bueckers.silver-color-numbered-ssp	COMPLETE	Paige Bueckers WNBA rookie silver color numbered SSP	0	0	0	{"endpoint":"wnba","familyId":"wnba.paige-bueckers.silver-color-numbered-ssp","warnings":[],"rejectionCounts":{},"durationMs":1024,"deployment":{"environment":"production","commitSha":"8eef48590b58","region":"iad1"},"searchEngine":"Production eBay Browse item_summary/search","tokenMode":"client_credentials"}
dh-20260730T170046Z-7d4c2a91	4	eBay Native Browse	WNBA / wnba.paige-bueckers.autograph-memorabilia	COMPLETE	Paige Bueckers WNBA rookie autograph auto patch memorabilia	10	9	0	{"endpoint":"wnba","familyId":"wnba.paige-bueckers.autograph-memorabilia","warnings":[],"rejectionCounts":{"college_or_pre_wnba":1},"durationMs":936,"deployment":{"environment":"production","commitSha":"8eef48590b58","region":"iad1"},"searchEngine":"Production eBay Browse item_summary/search","tokenMode":"client_credentials"}
dh-20260730T170046Z-7d4c2a91	4	eBay Native Browse	WNBA / wnba.dominique-malonga.broad-professional-rookies	COMPLETE	Dominique Malonga Seattle Storm WNBA rookie card	20	20	0	{"endpoint":"wnba","familyId":"wnba.dominique-malonga.broad-professional-rookies","warnings":[],"rejectionCounts":{},"durationMs":1015,"deployment":{"environment":"production","commitSha":"8eef48590b58","region":"iad1"},"searchEngine":"Production eBay Browse item_summary/search","tokenMode":"client_credentials"}
dh-20260730T170046Z-7d4c2a91	4	eBay Native Browse	WNBA / wnba.dominique-malonga.silver-color-numbered-ssp	COMPLETE	Dominique Malonga WNBA rookie silver color numbered SSP	0	0	0	{"endpoint":"wnba","familyId":"wnba.dominique-malonga.silver-color-numbered-ssp","warnings":[],"rejectionCounts":{},"durationMs":904,"deployment":{"environment":"production","commitSha":"8eef48590b58","region":"iad1"},"searchEngine":"Production eBay Browse item_summary/search","tokenMode":"client_credentials"}
dh-20260730T170046Z-7d4c2a91	4	eBay Native Browse	WNBA / wnba.dominique-malonga.autograph-memorabilia	COMPLETE	Dominique Malonga WNBA rookie autograph auto patch memorabilia	8	8	0	{"endpoint":"wnba","familyId":"wnba.dominique-malonga.autograph-memorabilia","warnings":[],"rejectionCounts":{},"durationMs":973,"deployment":{"environment":"production","commitSha":"8eef48590b58","region":"iad1"},"searchEngine":"Production eBay Browse item_summary/search","tokenMode":"client_credentials"}
dh-20260730T170046Z-7d4c2a91	4	eBay Native Browse	WNBA / wnba.sonia-citron.broad-professional-rookies	COMPLETE	Sonia Citron Washington Mystics WNBA rookie card	20	20	0	{"endpoint":"wnba","familyId":"wnba.sonia-citron.broad-professional-rookies","warnings":[],"rejectionCounts":{},"durationMs":995,"deployment":{"environment":"production","commitSha":"8eef48590b58","region":"iad1"},"searchEngine":"Production eBay Browse item_summary/search","tokenMode":"client_credentials"}
dh-20260730T170046Z-7d4c2a91	4	eBay Native Browse	WNBA / wnba.sonia-citron.silver-color-numbered-ssp	COMPLETE	Sonia Citron WNBA rookie silver color numbered SSP	0	0	0	{"endpoint":"wnba","familyId":"wnba.sonia-citron.silver-color-numbered-ssp","warnings":[],"rejectionCounts":{},"durationMs":901,"deployment":{"environment":"production","commitSha":"8eef48590b58","region":"iad1"},"searchEngine":"Production eBay Browse item_summary/search","tokenMode":"client_credentials"}
dh-20260730T170046Z-7d4c2a91	4	eBay Native Browse	WNBA / wnba.sonia-citron.autograph-memorabilia	COMPLETE	Sonia Citron WNBA rookie autograph auto patch memorabilia	9	8	0	{"endpoint":"wnba","familyId":"wnba.sonia-citron.autograph-memorabilia","warnings":[],"rejectionCounts":{"college_or_pre_wnba":1},"durationMs":979,"deployment":{"environment":"production","commitSha":"8eef48590b58","region":"iad1"},"searchEngine":"Production eBay Browse item_summary/search","tokenMode":"client_credentials"}
dh-20260730T170046Z-7d4c2a91	4	eBay Native Browse	WNBA / wnba.kiki-iriafen.broad-professional-rookies	COMPLETE	Kiki Iriafen Washington Mystics WNBA rookie card	20	19	0	{"endpoint":"wnba","familyId":"wnba.kiki-iriafen.broad-professional-rookies","warnings":[],"rejectionCounts":{"college_or_pre_wnba":1},"durationMs":1065,"deployment":{"environment":"production","commitSha":"8eef48590b58","region":"iad1"},"searchEngine":"Production eBay Browse item_summary/search","tokenMode":"client_credentials"}
dh-20260730T170046Z-7d4c2a91	4	eBay Native Browse	WNBA / wnba.kiki-iriafen.silver-color-numbered-ssp	COMPLETE	Kiki Iriafen WNBA rookie silver color numbered SSP	0	0	0	{"endpoint":"wnba","familyId":"wnba.kiki-iriafen.silver-color-numbered-ssp","warnings":[],"rejectionCounts":{},"durationMs":977,"deployment":{"environment":"production","commitSha":"8eef48590b58","region":"iad1"},"searchEngine":"Production eBay Browse item_summary/search","tokenMode":"client_credentials"}
dh-20260730T170046Z-7d4c2a91	4	eBay Native Browse	WNBA / wnba.kiki-iriafen.autograph-memorabilia	COMPLETE	Kiki Iriafen WNBA rookie autograph auto patch memorabilia	5	4	0	{"endpoint":"wnba","familyId":"wnba.kiki-iriafen.autograph-memorabilia","warnings":[],"rejectionCounts":{"college_or_pre_wnba":1},"durationMs":983,"deployment":{"environment":"production","commitSha":"8eef48590b58","region":"iad1"},"searchEngine":"Production eBay Browse item_summary/search","tokenMode":"client_credentials"}
dh-20260730T170046Z-7d4c2a91	4	eBay Native Browse	IVAN DEMIDOV / ivan-demidov.professional-rookies	COMPLETE	Ivan Demidov NHL rookie card	20	20	0	{"endpoint":"ivan_demidov","familyId":"ivan-demidov.professional-rookies","warnings":[],"rejectionCounts":{},"durationMs":734,"deployment":{"environment":"production","commitSha":"8eef48590b58","region":"iad1"},"searchEngine":"Production eBay Browse item_summary/search","tokenMode":"client_credentials"}
dh-20260730T170046Z-7d4c2a91	4	eBay Native Browse	IVAN DEMIDOV / ivan-demidov.young-guns-parallels	COMPLETE	Ivan Demidov Young Guns rookie parallel	20	20	0	{"endpoint":"ivan_demidov","familyId":"ivan-demidov.young-guns-parallels","warnings":[],"rejectionCounts":{},"durationMs":544,"deployment":{"environment":"production","commitSha":"8eef48590b58","region":"iad1"},"searchEngine":"Production eBay Browse item_summary/search","tokenMode":"client_credentials"}
dh-20260730T170046Z-7d4c2a91	4	eBay Native Browse	IVAN DEMIDOV / ivan-demidov.autograph-memorabilia	COMPLETE	Ivan Demidov NHL rookie autograph patch memorabilia	7	7	0	{"endpoint":"ivan_demidov","familyId":"ivan-demidov.autograph-memorabilia","warnings":[],"rejectionCounts":{},"durationMs":524,"deployment":{"environment":"production","commitSha":"8eef48590b58","region":"iad1"},"searchEngine":"Production eBay Browse item_summary/search","tokenMode":"client_credentials"}
dh-20260730T170046Z-7d4c2a91	4	eBay Native Browse	MATVEI MICHKOV YOUNG GUNS / matvei-michkov.exact-young-guns	COMPLETE	Matvei Michkov Young Guns rookie	20	19	0	{"endpoint":"matvei_michkov_young_guns","familyId":"matvei-michkov.exact-young-guns","warnings":[],"rejectionCounts":{"young_guns_not_claimed":1},"durationMs":637,"deployment":{"environment":"production","commitSha":"8eef48590b58","region":"iad1"},"searchEngine":"Production eBay Browse item_summary/search","tokenMode":"client_credentials"}
dh-20260730T170046Z-7d4c2a91	4	eBay Native Browse	MATVEI MICHKOV YOUNG GUNS / matvei-michkov.young-guns-parallels	COMPLETE	Matvei Michkov Young Guns parallel	20	18	0	{"endpoint":"matvei_michkov_young_guns","familyId":"matvei-michkov.young-guns-parallels","warnings":[],"rejectionCounts":{"michkov_name_or_misspelling_not_claimed":1,"young_guns_not_claimed":1},"durationMs":648,"deployment":{"environment":"production","commitSha":"8eef48590b58","region":"iad1"},"searchEngine":"Production eBay Browse item_summary/search","tokenMode":"client_credentials"}
dh-20260730T170046Z-7d4c2a91	4	eBay Native Browse	MATVEI MICHKOV YOUNG GUNS / matvei-michkov.yg-abbreviation	COMPLETE	Matvei Michkov YG Philadelphia Flyers	20	16	0	{"endpoint":"matvei_michkov_young_guns","familyId":"matvei-michkov.yg-abbreviation","warnings":[],"rejectionCounts":{"young_guns_checklist_not_player_card":1,"michkov_name_or_misspelling_not_claimed":3,"young_guns_not_claimed":2},"durationMs":628,"deployment":{"environment":"production","commitSha":"8eef48590b58","region":"iad1"},"searchEngine":"Production eBay Browse item_summary/search","tokenMode":"client_credentials"}
dh-20260730T170046Z-7d4c2a91	4	eBay Native Browse	MATVEI MICHKOV YOUNG GUNS / matvei-michkov.matvey-first-name	COMPLETE	Matvey Michkov Young Guns	20	20	0	{"endpoint":"matvei_michkov_young_guns","familyId":"matvei-michkov.matvey-first-name","warnings":[],"rejectionCounts":{},"durationMs":1001,"deployment":{"environment":"production","commitSha":"8eef48590b58","region":"iad1"},"searchEngine":"Production eBay Browse item_summary/search","tokenMode":"client_credentials"}
dh-20260730T170046Z-7d4c2a91	4	eBay Native Browse	MATVEI MICHKOV YOUNG GUNS / matvei-michkov.matei-first-name	COMPLETE	Matei Michkov Young Guns	0	0	0	{"endpoint":"matvei_michkov_young_guns","familyId":"matvei-michkov.matei-first-name","warnings":[],"rejectionCounts":{},"durationMs":604,"deployment":{"environment":"production","commitSha":"8eef48590b58","region":"iad1"},"searchEngine":"Production eBay Browse item_summary/search","tokenMode":"client_credentials"}
dh-20260730T170046Z-7d4c2a91	4	eBay Native Browse	MATVEI MICHKOV YOUNG GUNS / matvei-michkov.michov-surname	COMPLETE	Matvei Michov Young Guns	3	3	0	{"endpoint":"matvei_michkov_young_guns","familyId":"matvei-michkov.michov-surname","warnings":[],"rejectionCounts":{},"durationMs":522,"deployment":{"environment":"production","commitSha":"8eef48590b58","region":"iad1"},"searchEngine":"Production eBay Browse item_summary/search","tokenMode":"client_credentials"}
dh-20260730T170046Z-7d4c2a91	4	eBay Native Browse	MATVEI MICHKOV YOUNG GUNS / matvei-michkov.mikhkov-surname	COMPLETE	Matvei Mikhkov Young Guns	0	0	0	{"endpoint":"matvei_michkov_young_guns","familyId":"matvei-michkov.mikhkov-surname","warnings":[],"rejectionCounts":{},"durationMs":548,"deployment":{"environment":"production","commitSha":"8eef48590b58","region":"iad1"},"searchEngine":"Production eBay Browse item_summary/search","tokenMode":"client_credentials"}
dh-20260730T170046Z-7d4c2a91	4	eBay Native Browse	MATVEI MICHKOV YOUNG GUNS / matvei-michkov.mitchkov-surname	COMPLETE	Mitchkov Young Guns Philadelphia Flyers	12	10	0	{"endpoint":"matvei_michkov_young_guns","familyId":"matvei-michkov.mitchkov-surname","warnings":[],"rejectionCounts":{"young_guns_checklist_not_player_card":2},"durationMs":547,"deployment":{"environment":"production","commitSha":"8eef48590b58","region":"iad1"},"searchEngine":"Production eBay Browse item_summary/search","tokenMode":"client_credentials"}
dh-20260730T170046Z-7d4c2a91	4	eBay Native Browse	MATVEI MICHKOV OPC PLATINUM / matvei-michkov-opc-platinum.exact-o-pee-chee-rainbow	COMPLETE	Matvei Michkov 2024-25 O-Pee-Chee Platinum Rainbow rookie	20	20	0	{"endpoint":"matvei_michkov_opc_platinum","familyId":"matvei-michkov-opc-platinum.exact-o-pee-chee-rainbow","warnings":[],"rejectionCounts":{},"durationMs":589,"deployment":{"environment":"production","commitSha":"8eef48590b58","region":"iad1"},"searchEngine":"Production eBay Browse item_summary/search","tokenMode":"client_credentials"}
dh-20260730T170046Z-7d4c2a91	4	eBay Native Browse	MATVEI MICHKOV OPC PLATINUM / matvei-michkov-opc-platinum.opc-rainbow	COMPLETE	Matvei Michkov 2024-25 OPC Platinum Rainbow rookie	20	19	0	{"endpoint":"matvei_michkov_opc_platinum","familyId":"matvei-michkov-opc-platinum.opc-rainbow","warnings":[],"rejectionCounts":{"opc_platinum_product_not_claimed":1},"durationMs":494,"deployment":{"environment":"production","commitSha":"8eef48590b58","region":"iad1"},"searchEngine":"Production eBay Browse item_summary/search","tokenMode":"client_credentials"}
dh-20260730T170046Z-7d4c2a91	4	eBay Native Browse	MATVEI MICHKOV OPC PLATINUM / matvei-michkov-opc-platinum.o-pee-chee-no-punctuation	COMPLETE	Matvei Michkov 2024-25 O Pee Chee Platinum Rainbow rookie	20	20	0	{"endpoint":"matvei_michkov_opc_platinum","familyId":"matvei-michkov-opc-platinum.o-pee-chee-no-punctuation","warnings":[],"rejectionCounts":{},"durationMs":586,"deployment":{"environment":"production","commitSha":"8eef48590b58","region":"iad1"},"searchEngine":"Production eBay Browse item_summary/search","tokenMode":"client_credentials"}
dh-20260730T170046Z-7d4c2a91	4	eBay Native Browse	MATVEI MICHKOV OPC PLATINUM / matvei-michkov-opc-platinum.color-numbered-parallels	COMPLETE	Matvei Michkov OPC Platinum rookie parallel color numbered	0	0	0	{"endpoint":"matvei_michkov_opc_platinum","familyId":"matvei-michkov-opc-platinum.color-numbered-parallels","warnings":[],"rejectionCounts":{},"durationMs":500,"deployment":{"environment":"production","commitSha":"8eef48590b58","region":"iad1"},"searchEngine":"Production eBay Browse item_summary/search","tokenMode":"client_credentials"}
dh-20260730T170046Z-7d4c2a91	4	eBay Native Browse	MATVEI MICHKOV OPC PLATINUM / matvei-michkov-opc-platinum.rookie-autographs	COMPLETE	Matvei Michkov O-Pee-Chee Platinum rookie autograph auto	14	13	0	{"endpoint":"matvei_michkov_opc_platinum","familyId":"matvei-michkov-opc-platinum.rookie-autographs","warnings":[],"rejectionCounts":{"opc_platinum_product_not_claimed":1},"durationMs":598,"deployment":{"environment":"production","commitSha":"8eef48590b58","region":"iad1"},"searchEngine":"Production eBay Browse item_summary/search","tokenMode":"client_credentials"}
dh-20260730T170046Z-7d4c2a91	4	eBay Native Browse	MATVEI MICHKOV OPC PLATINUM / matvei-michkov-opc-platinum.matvey-first-name	COMPLETE	Matvey Michkov OPC Platinum Rainbow rookie	20	20	0	{"endpoint":"matvei_michkov_opc_platinum","familyId":"matvei-michkov-opc-platinum.matvey-first-name","warnings":[],"rejectionCounts":{},"durationMs":579,"deployment":{"environment":"production","commitSha":"8eef48590b58","region":"iad1"},"searchEngine":"Production eBay Browse item_summary/search","tokenMode":"client_credentials"}
dh-20260730T170046Z-7d4c2a91	4	eBay Native Browse	MATVEI MICHKOV OPC PLATINUM / matvei-michkov-opc-platinum.matei-first-name	COMPLETE	Matei Michkov OPC Platinum Rainbow rookie	0	0	0	{"endpoint":"matvei_michkov_opc_platinum","familyId":"matvei-michkov-opc-platinum.matei-first-name","warnings":[],"rejectionCounts":{},"durationMs":470,"deployment":{"environment":"production","commitSha":"8eef48590b58","region":"iad1"},"searchEngine":"Production eBay Browse item_summary/search","tokenMode":"client_credentials"}
dh-20260730T170046Z-7d4c2a91	4	eBay Native Browse	MATVEI MICHKOV OPC PLATINUM / matvei-michkov-opc-platinum.michov-surname	COMPLETE	Matvei Michov OPC Platinum Rainbow rookie	0	0	0	{"endpoint":"matvei_michkov_opc_platinum","familyId":"matvei-michkov-opc-platinum.michov-surname","warnings":[],"rejectionCounts":{},"durationMs":477,"deployment":{"environment":"production","commitSha":"8eef48590b58","region":"iad1"},"searchEngine":"Production eBay Browse item_summary/search","tokenMode":"client_credentials"}
dh-20260730T170046Z-7d4c2a91	4	eBay Native Browse	MATVEI MICHKOV OPC PLATINUM / matvei-michkov-opc-platinum.mikhkov-surname	COMPLETE	Matvei Mikhkov OPC Platinum Rainbow rookie	0	0	0	{"endpoint":"matvei_michkov_opc_platinum","familyId":"matvei-michkov-opc-platinum.mikhkov-surname","warnings":[],"rejectionCounts":{},"durationMs":582,"deployment":{"environment":"production","commitSha":"8eef48590b58","region":"iad1"},"searchEngine":"Production eBay Browse item_summary/search","tokenMode":"client_credentials"}
dh-20260730T170046Z-7d4c2a91	4	eBay Native Browse	MATVEI MICHKOV OPC PLATINUM / matvei-michkov-opc-platinum.mitchkov-surname	COMPLETE	Mitchkov OPC Platinum rookie parallel Philadelphia Flyers	0	0	0	{"endpoint":"matvei_michkov_opc_platinum","familyId":"matvei-michkov-opc-platinum.mitchkov-surname","warnings":[],"rejectionCounts":{},"durationMs":511,"deployment":{"environment":"production","commitSha":"8eef48590b58","region":"iad1"},"searchEngine":"Production eBay Browse item_summary/search","tokenMode":"client_credentials"}
dh-20260730T170046Z-7d4c2a91	4	eBay Native Browse	BASEBALL PROSPECTS / baseball-prospect.jesus-made.true-first-bowman	COMPLETE	Jesus Made 1st Bowman Chrome	20	20	0	{"endpoint":"baseball_prospects","familyId":"baseball-prospect.jesus-made.true-first-bowman","warnings":[],"rejectionCounts":{},"durationMs":633,"deployment":{"environment":"production","commitSha":"8eef48590b58","region":"iad1"},"searchEngine":"Production eBay Browse item_summary/search","tokenMode":"client_credentials"}
dh-20260730T170046Z-7d4c2a91	4	eBay Native Browse	BASEBALL PROSPECTS / baseball-prospect.jesus-made.first-bowman-auto-color	COMPLETE	Jesus Made 1st Bowman autograph color numbered	4	4	0	{"endpoint":"baseball_prospects","familyId":"baseball-prospect.jesus-made.first-bowman-auto-color","warnings":[],"rejectionCounts":{},"durationMs":528,"deployment":{"environment":"production","commitSha":"8eef48590b58","region":"iad1"},"searchEngine":"Production eBay Browse item_summary/search","tokenMode":"client_credentials"}
dh-20260730T170046Z-7d4c2a91	4	eBay Native Browse	BASEBALL PROSPECTS / baseball-prospect.leo-de-vries.true-first-bowman	COMPLETE	Leo De Vries 1st Bowman Chrome	20	20	0	{"endpoint":"baseball_prospects","familyId":"baseball-prospect.leo-de-vries.true-first-bowman","warnings":[],"rejectionCounts":{},"durationMs":672,"deployment":{"environment":"production","commitSha":"8eef48590b58","region":"iad1"},"searchEngine":"Production eBay Browse item_summary/search","tokenMode":"client_credentials"}
dh-20260730T170046Z-7d4c2a91	4	eBay Native Browse	BASEBALL PROSPECTS / baseball-prospect.leo-de-vries.first-bowman-auto-color	COMPLETE	Leo De Vries 1st Bowman autograph color numbered	2	2	0	{"endpoint":"baseball_prospects","familyId":"baseball-prospect.leo-de-vries.first-bowman-auto-color","warnings":[],"rejectionCounts":{},"durationMs":809,"deployment":{"environment":"production","commitSha":"8eef48590b58","region":"iad1"},"searchEngine":"Production eBay Browse item_summary/search","tokenMode":"client_credentials"}
dh-20260730T170046Z-7d4c2a91	4	eBay Native Browse	BASEBALL PROSPECTS / baseball-prospect.josue-de-paula.true-first-bowman	COMPLETE	Josue De Paula 1st Bowman Chrome	20	20	0	{"endpoint":"baseball_prospects","familyId":"baseball-prospect.josue-de-paula.true-first-bowman","warnings":[],"rejectionCounts":{},"durationMs":684,"deployment":{"environment":"production","commitSha":"8eef48590b58","region":"iad1"},"searchEngine":"Production eBay Browse item_summary/search","tokenMode":"client_credentials"}
dh-20260730T170046Z-7d4c2a91	4	eBay Native Browse	BASEBALL PROSPECTS / baseball-prospect.josue-de-paula.first-bowman-auto-color	COMPLETE	Josue De Paula 1st Bowman autograph color numbered	1	1	0	{"endpoint":"baseball_prospects","familyId":"baseball-prospect.josue-de-paula.first-bowman-auto-color","warnings":[],"rejectionCounts":{},"durationMs":568,"deployment":{"environment":"production","commitSha":"8eef48590b58","region":"iad1"},"searchEngine":"Production eBay Browse item_summary/search","tokenMode":"client_credentials"}
dh-20260730T170046Z-7d4c2a91	4	eBay Native Browse	BASEBALL PROSPECTS / baseball-prospect.george-lombard-jr.true-first-bowman	COMPLETE	George Lombard Jr 1st Bowman Chrome	20	20	0	{"endpoint":"baseball_prospects","familyId":"baseball-prospect.george-lombard-jr.true-first-bowman","warnings":[],"rejectionCounts":{},"durationMs":692,"deployment":{"environment":"production","commitSha":"8eef48590b58","region":"iad1"},"searchEngine":"Production eBay Browse item_summary/search","tokenMode":"client_credentials"}
dh-20260730T170046Z-7d4c2a91	4	eBay Native Browse	BASEBALL PROSPECTS / baseball-prospect.george-lombard-jr.first-bowman-auto-color	COMPLETE	George Lombard Jr 1st Bowman autograph color numbered	0	0	0	{"endpoint":"baseball_prospects","familyId":"baseball-prospect.george-lombard-jr.first-bowman-auto-color","warnings":[],"rejectionCounts":{},"durationMs":492,"deployment":{"environment":"production","commitSha":"8eef48590b58","region":"iad1"},"searchEngine":"Production eBay Browse item_summary/search","tokenMode":"client_credentials"}
dh-20260730T170046Z-7d4c2a91	4	eBay Native Browse	BASEBALL PROSPECTS / baseball-prospect.franklin-arias.true-first-bowman	COMPLETE	Franklin Arias 1st Bowman Chrome	20	20	0	{"endpoint":"baseball_prospects","familyId":"baseball-prospect.franklin-arias.true-first-bowman","warnings":[],"rejectionCounts":{},"durationMs":654,"deployment":{"environment":"production","commitSha":"8eef48590b58","region":"iad1"},"searchEngine":"Production eBay Browse item_summary/search","tokenMode":"client_credentials"}
dh-20260730T170046Z-7d4c2a91	4	eBay Native Browse	BASEBALL PROSPECTS / baseball-prospect.franklin-arias.first-bowman-auto-color	COMPLETE	Franklin Arias 1st Bowman autograph color numbered	0	0	0	{"endpoint":"baseball_prospects","familyId":"baseball-prospect.franklin-arias.first-bowman-auto-color","warnings":[],"rejectionCounts":{},"durationMs":538,"deployment":{"environment":"production","commitSha":"8eef48590b58","region":"iad1"},"searchEngine":"Production eBay Browse item_summary/search","tokenMode":"client_credentials"}
dh-20260730T170046Z-7d4c2a91	4	eBay Native Browse	SIGNED PROSPECT BASEBALLS / signed-baseball.jesus-made	COMPLETE	Jesus Made signed baseball autograph	20	19	0	{"endpoint":"signed_baseballs","familyId":"signed-baseball.jesus-made","warnings":[],"rejectionCounts":{"signature_not_claimed":1},"durationMs":648,"deployment":{"environment":"production","commitSha":"8eef48590b58","region":"iad1"},"searchEngine":"Production eBay Browse item_summary/search","tokenMode":"client_credentials"}
dh-20260730T170046Z-7d4c2a91	4	eBay Native Browse	SIGNED PROSPECT BASEBALLS / signed-baseball.leo-de-vries	COMPLETE	Leo De Vries signed baseball autograph	20	14	0	{"endpoint":"signed_baseballs","familyId":"signed-baseball.leo-de-vries","warnings":[],"rejectionCounts":{"signature_not_claimed":6},"durationMs":715,"deployment":{"environment":"production","commitSha":"8eef48590b58","region":"iad1"},"searchEngine":"Production eBay Browse item_summary/search","tokenMode":"client_credentials"}
dh-20260730T170046Z-7d4c2a91	4	eBay Native Browse	SIGNED PROSPECT BASEBALLS / signed-baseball.josue-de-paula	COMPLETE	Josue De Paula signed baseball autograph	20	19	0	{"endpoint":"signed_baseballs","familyId":"signed-baseball.josue-de-paula","warnings":[],"rejectionCounts":{"signature_not_claimed":1},"durationMs":738,"deployment":{"environment":"production","commitSha":"8eef48590b58","region":"iad1"},"searchEngine":"Production eBay Browse item_summary/search","tokenMode":"client_credentials"}
dh-20260730T170046Z-7d4c2a91	4	eBay Native Browse	SIGNED PROSPECT BASEBALLS / signed-baseball.george-lombard-jr	COMPLETE	George Lombard Jr signed baseball autograph	20	17	0	{"endpoint":"signed_baseballs","familyId":"signed-baseball.george-lombard-jr","warnings":[],"rejectionCounts":{"signature_not_claimed":3},"durationMs":776,"deployment":{"environment":"production","commitSha":"8eef48590b58","region":"iad1"},"searchEngine":"Production eBay Browse item_summary/search","tokenMode":"client_credentials"}
dh-20260730T170046Z-7d4c2a91	4	eBay Native Browse	SIGNED PROSPECT BASEBALLS / signed-baseball.franklin-arias	COMPLETE	Franklin Arias signed baseball autograph	20	13	0	{"endpoint":"signed_baseballs","familyId":"signed-baseball.franklin-arias","warnings":[],"rejectionCounts":{"signature_not_claimed":7},"durationMs":668,"deployment":{"environment":"production","commitSha":"8eef48590b58","region":"iad1"},"searchEngine":"Production eBay Browse item_summary/search","tokenMode":"client_credentials"}
