dh-20260731T184251Z-gha-recovery,14,2026-07-31T18:59:51.940Z,eBay Native Browse,WNBA/wnba.caitlin-clark.broad-professional-rookies,COMPLETE,1,20,0,"{""accepted_results"":20,""deployment"":{""commitSha"":""36d21adfec00"",""environment"":""production"",""region"":""iad1""},""endpoint"":""https://truelycollectables.com/api/tcos/deal-hunter-native-ebay?perQuery=20&scope=wnba"",""family_id"":""wnba.caitlin-clark.broad-professional-rookies"",""gateway_scope"":""wnba"",""host"":""https://truelycollectables.com"",""producer_run_id"":""30657366693"",""query"":""Caitlin Clark Indiana Fever WNBA rookie card"",""raw_results"":20,""rejected_results"":0,""rejection_counts"":{},""schema"":""TCOS_NATIVE_EBAY_FEED_V1"",""token_mode"":""client_credentials"",""warnings"":[]}"
dh-20260731T184251Z-gha-recovery,14,2026-07-31T18:59:51.940Z,eBay Native Browse,WNBA/wnba.caitlin-clark.silver-color-numbered-ssp,COMPLETE,1,0,0,"{""accepted_results"":0,""deployment"":{""commitSha"":""36d21adfec00"",""environment"":""production"",""region"":""iad1""},""endpoint"":""https://truelycollectables.com/api/tcos/deal-hunter-native-ebay?perQuery=20&scope=wnba"",""family_id"":""wnba.caitlin-clark.silver-color-numbered-ssp"",""gateway_scope"":""wnba"",""host"":""https://truelycollectables.com"",""producer_run_id"":""30657366693"",""query"":""Caitlin Clark WNBA rookie silver color numbered SSP"",""raw_results"":0,""rejected_results"":0,""rejection_counts"":{},""schema"":""TCOS_NATIVE_EBAY_FEED_V1"",""token_mode"":""client_credentials"",""warnings"":[]}"
dh-20260731T184251Z-gha-recovery,14,2026-07-31T18:59:51.940Z,eBay Native Browse,WNBA/wnba.caitlin-clark.autograph-memorabilia,COMPLETE,1,8,0,"{""accepted_results"":8,""deployment"":{""commitSha"":""36d21adfec00"",""environment"":""production"",""region"":""iad1""},""endpoint"":""https://truelycollectables.com/api/tcos/deal-hunter-native-ebay?perQuery=20&scope=wnba"",""family_id"":""wnba.caitlin-clark.autograph-memorabilia"",""gateway_scope"":""wnba"",""host"":""https://truelycollectables.com"",""producer_run_id"":""30657366693"",""query"":""Caitlin Clark WNBA rookie autograph auto patch memorabilia"",""raw_results"":8,""rejected_results"":0,""rejection_counts"":{},""schema"":""TCOS_NATIVE_EBAY_FEED_V1"",""token_mode"":""client_credentials"",""warnings"":[]}"
dh-20260731T184251Z-gha-recovery,14,2026-07-31T18:59:51.940Z,eBay Native Browse,WNBA/wnba.paige-bueckers.broad-professional-rookies,COMPLETE,1,19,0,"{""accepted_results"":19,""deployment"":{""commitSha"":""36d21adfec00"",""environment"":""production"",""region"":""iad1""},""endpoint"":""https://truelycollectables.com/api/tcos/deal-hunter-native-ebay?perQuery=20&scope=wnba"",""family_id"":""wnba.paige-bueckers.broad-professional-rookies"",""gateway_scope"":""wnba"",""host"":""https://truelycollectables.com"",""producer_run_id"":""30657366693"",""query"":""Paige Bueckers Dallas Wings WNBA rookie card"",""raw_results"":20,""rejected_results"":1,""rejection_counts"":{""explicit_ordinary_base"":1},""schema"":""TCOS_NATIVE_EBAY_FEED_V1"",""token_mode"":""client_credentials"",""warnings"":[]}"
dh-20260731T184251Z-gha-recovery,14,2026-07-31T18:59:51.940Z,eBay Native Browse,WNBA/wnba.paige-bueckers.silver-color-numbered-ssp,COMPLETE,1,0,0,"{""accepted_results"":0,""deployment"":{""commitSha"":""36d21adfec00"",""environment"":""production"",""region"":""iad1""},""endpoint"":""https://truelycollectables.com/api/tcos/deal-hunter-native-ebay?perQuery=20&scope=wnba"",""family_id"":""wnba.paige-bueckers.silver-color-numbered-ssp"",""gateway_scope"":""wnba"",""host"":""https://truelycollectables.com"",""producer_run_id"":""30657366693"",""query"":""Paige Bueckers WNBA rookie silver color numbered SSP"",""raw_results"":0,""rejected_results"":0,""rejection_counts"":{},""schema"":""TCOS_NATIVE_EBAY_FEED_V1"",""token_mode"":""client_credentials"",""warnings"":[]}"
dh-20260731T184251Z-gha-recovery,14,2026-07-31T18:59:51.940Z,eBay Native Browse,WNBA/wnba.paige-bueckers.autograph-memorabilia,COMPLETE,1,9,0,"{""accepted_results"":9,""deployment"":{""commitSha"":""36d21adfec00"",""environment"":""production"",""region"":""iad1""},""endpoint"":""https://truelycollectables.com/api/tcos/deal-hunter-native-ebay?perQuery=20&scope=wnba"",""family_id"":""wnba.paige-bueckers.autograph-memorabilia"",""gateway_scope"":""wnba"",""host"":""https://truelycollectables.com"",""producer_run_id"":""30657366693"",""query"":""Paige Bueckers WNBA rookie autograph auto patch memorabilia"",""raw_results"":10,""rejected_results"":1,""rejection_counts"":{""college_or_pre_wnba"":1},""schema"":""TCOS_NATIVE_EBAY_FEED_V1"",""token_mode"":""client_credentials"",""warnings"":[]}"
dh-20260731T184251Z-gha-recovery,14,2026-07-31T18:59:51.940Z,eBay Native Browse,WNBA/wnba.dominique-malonga.broad-professional-rookies,COMPLETE,1,20,0,"{""accepted_results"":20,""deployment"":{""commitSha"":""36d21adfec00"",""environment"":""production"",""region"":""iad1""},""endpoint"":""https://truelycollectables.com/api/tcos/deal-hunter-native-ebay?perQuery=20&scope=wnba"",""family_id"":""wnba.dominique-malonga.broad-professional-rookies"",""gateway_scope"":""wnba"",""host"":""https://truelycollectables.com"",""producer_run_id"":""30657366693"",""query"":""Dominique Malonga Seattle Storm WNBA rookie card"",""raw_results"":20,""rejected_results"":0,""rejection_counts"":{},""schema"":""TCOS_NATIVE_EBAY_FEED_V1"",""token_mode"":""client_credentials"",""warnings"":[]}"
dh-20260731T184251Z-gha-recovery,14,2026-07-31T18:59:51.940Z,eBay Native Browse,WNBA/wnba.dominique-malonga.silver-color-numbered-ssp,COMPLETE,1,0,0,"{""accepted_results"":0,""deployment"":{""commitSha"":""36d21adfec00"",""environment"":""production"",""region"":""iad1""},""endpoint"":""https://truelycollectables.com/api/tcos/deal-hunter-native-ebay?perQuery=20&scope=wnba"",""family_id"":""wnba.dominique-malonga.silver-color-numbered-ssp"",""gateway_scope"":""wnba"",""host"":""https://truelycollectables.com"",""producer_run_id"":""30657366693"",""query"":""Dominique Malonga WNBA rookie silver color numbered SSP"",""raw_results"":0,""rejected_results"":0,""rejection_counts"":{},""schema"":""TCOS_NATIVE_EBAY_FEED_V1"",""token_mode"":""client_credentials"",""warnings"":[]}"
dh-20260731T184251Z-gha-recovery,14,2026-07-31T18:59:51.940Z,eBay Native Browse,WNBA/wnba.dominique-malonga.autograph-memorabilia,COMPLETE,1,8,0,"{""accepted_results"":8,""deployment"":{""commitSha"":""36d21adfec00"",""environment"":""production"",""region"":""iad1""},""endpoint"":""https://truelycollectables.com/api/tcos/deal-hunter-native-ebay?perQuery=20&scope=wnba"",""family_id"":""wnba.dominique-malonga.autograph-memorabilia"",""gateway_scope"":""wnba"",""host"":""https://truelycollectables.com"",""producer_run_id"":""30657366693"",""query"":""Dominique Malonga WNBA rookie autograph auto patch memorabilia"",""raw_results"":8,""rejected_results"":0,""rejection_counts"":{},""schema"":""TCOS_NATIVE_EBAY_FEED_V1"",""token_mode"":""client_credentials"",""warnings"":[]}"
dh-20260731T184251Z-gha-recovery,14,2026-07-31T18:59:51.940Z,eBay Native Browse,WNBA/wnba.sonia-citron.broad-professional-rookies,COMPLETE,1,20,0,"{""accepted_results"":20,""deployment"":{""commitSha"":""36d21adfec00"",""environment"":""production"",""region"":""iad1""},""endpoint"":""https://truelycollectables.com/api/tcos/deal-hunter-native-ebay?perQuery=20&scope=wnba"",""family_id"":""wnba.sonia-citron.broad-professional-rookies"",""gateway_scope"":""wnba"",""host"":""https://truelycollectables.com"",""producer_run_id"":""30657366693"",""query"":""Sonia Citron Washington Mystics WNBA rookie card"",""raw_results"":20,""rejected_results"":0,""rejection_counts"":{},""schema"":""TCOS_NATIVE_EBAY_FEED_V1"",""token_mode"":""client_credentials"",""warnings"":[]}"
dh-20260731T184251Z-gha-recovery,14,2026-07-31T18:59:51.940Z,eBay Native Browse,WNBA/wnba.sonia-citron.silver-color-numbered-ssp,COMPLETE,1,0,0,"{""accepted_results"":0,""deployment"":{""commitSha"":""36d21adfec00"",""environment"":""production"",""region"":""iad1""},""endpoint"":""https://truelycollectables.com/api/tcos/deal-hunter-native-ebay?perQuery=20&scope=wnba"",""family_id"":""wnba.sonia-citron.silver-color-numbered-ssp"",""gateway_scope"":""wnba"",""host"":""https://truelycollectables.com"",""producer_run_id"":""30657366693"",""query"":""Sonia Citron WNBA rookie silver color numbered SSP"",""raw_results"":0,""rejected_results"":0,""rejection_counts"":{},""schema"":""TCOS_NATIVE_EBAY_FEED_V1"",""token_mode"":""client_credentials"",""warnings"":[]}"
dh-20260731T184251Z-gha-recovery,14,2026-07-31T18:59:51.940Z,eBay Native Browse,WNBA/wnba.sonia-citron.autograph-memorabilia,COMPLETE,1,8,0,"{""accepted_results"":8,""deployment"":{""commitSha"":""36d21adfec00"",""environment"":""production"",""region"":""iad1""},""endpoint"":""https://truelycollectables.com/api/tcos/deal-hunter-native-ebay?perQuery=20&scope=wnba"",""family_id"":""wnba.sonia-citron.autograph-memorabilia"",""gateway_scope"":""wnba"",""host"":""https://truelycollectables.com"",""producer_run_id"":""30657366693"",""query"":""Sonia Citron WNBA rookie autograph auto patch memorabilia"",""raw_results"":9,""rejected_results"":1,""rejection_counts"":{""college_or_pre_wnba"":1},""schema"":""TCOS_NATIVE_EBAY_FEED_V1"",""token_mode"":""client_credentials"",""warnings"":[]}"
dh-20260731T184251Z-gha-recovery,14,2026-07-31T18:59:51.940Z,eBay Native Browse,WNBA/wnba.kiki-iriafen.broad-professional-rookies,COMPLETE,1,19,0,"{""accepted_results"":19,""deployment"":{""commitSha"":""36d21adfec00"",""environment"":""production"",""region"":""iad1""},""endpoint"":""https://truelycollectables.com/api/tcos/deal-hunter-native-ebay?perQuery=20&scope=wnba"",""family_id"":""wnba.kiki-iriafen.broad-professional-rookies"",""gateway_scope"":""wnba"",""host"":""https://truelycollectables.com"",""producer_run_id"":""30657366693"",""query"":""Kiki Iriafen Washington Mystics WNBA rookie card"",""raw_results"":20,""rejected_results"":1,""rejection_counts"":{""college_or_pre_wnba"":1},""schema"":""TCOS_NATIVE_EBAY_FEED_V1"",""token_mode"":""client_credentials"",""warnings"":[]}"
dh-20260731T184251Z-gha-recovery,14,2026-07-31T18:59:51.940Z,eBay Native Browse,WNBA/wnba.kiki-iriafen.silver-color-numbered-ssp,COMPLETE,1,0,0,"{""accepted_results"":0,""deployment"":{""commitSha"":""36d21adfec00"",""environment"":""production"",""region"":""iad1""},""endpoint"":""https://truelycollectables.com/api/tcos/deal-hunter-native-ebay?perQuery=20&scope=wnba"",""family_id"":""wnba.kiki-iriafen.silver-color-numbered-ssp"",""gateway_scope"":""wnba"",""host"":""https://truelycollectables.com"",""producer_run_id"":""30657366693"",""query"":""Kiki Iriafen WNBA rookie silver color numbered SSP"",""raw_results"":0,""rejected_results"":0,""rejection_counts"":{},""schema"":""TCOS_NATIVE_EBAY_FEED_V1"",""token_mode"":""client_credentials"",""warnings"":[]}"
dh-20260731T184251Z-gha-recovery,14,2026-07-31T18:59:51.940Z,eBay Native Browse,WNBA/wnba.kiki-iriafen.autograph-memorabilia,COMPLETE,1,4,0,"{""accepted_results"":4,""deployment"":{""commitSha"":""36d21adfec00"",""environment"":""production"",""region"":""iad1""},""endpoint"":""https://truelycollectables.com/api/tcos/deal-hunter-native-ebay?perQuery=20&scope=wnba"",""family_id"":""wnba.kiki-iriafen.autograph-memorabilia"",""gateway_scope"":""wnba"",""host"":""https://truelycollectables.com"",""producer_run_id"":""30657366693"",""query"":""Kiki Iriafen WNBA rookie autograph auto patch memorabilia"",""raw_results"":5,""rejected_results"":1,""rejection_counts"":{""college_or_pre_wnba"":1},""schema"":""TCOS_NATIVE_EBAY_FEED_V1"",""token_mode"":""client_credentials"",""warnings"":[]}"
dh-20260731T184251Z-gha-recovery,14,2026-07-31T18:59:51.940Z,eBay Native Browse,IVAN/ivan-demidov.professional-rookies,COMPLETE,1,20,0,"{""accepted_results"":20,""deployment"":{""commitSha"":""36d21adfec00"",""environment"":""production"",""region"":""iad1""},""endpoint"":""https://truelycollectables.com/api/tcos/deal-hunter-native-ebay?perQuery=20&scope=ivan_demidov"",""family_id"":""ivan-demidov.professional-rookies"",""gateway_scope"":""ivan_demidov"",""host"":""https://truelycollectables.com"",""producer_run_id"":""30657366693"",""query"":""Ivan Demidov NHL rookie card"",""raw_results"":20,""rejected_results"":0,""rejection_counts"":{},""schema"":""TCOS_NATIVE_EBAY_FEED_V1"",""token_mode"":""client_credentials"",""warnings"":[]}"
dh-20260731T184251Z-gha-recovery,14,2026-07-31T18:59:51.940Z,eBay Native Browse,IVAN/ivan-demidov.young-guns-parallels,COMPLETE,1,20,0,"{""accepted_results"":20,""deployment"":{""commitSha"":""36d21adfec00"",""environment"":""production"",""region"":""iad1""},""endpoint"":""https://truelycollectables.com/api/tcos/deal-hunter-native-ebay?perQuery=20&scope=ivan_demidov"",""family_id"":""ivan-demidov.young-guns-parallels"",""gateway_scope"":""ivan_demidov"",""host"":""https://truelycollectables.com"",""producer_run_id"":""30657366693"",""query"":""Ivan Demidov Young Guns rookie parallel"",""raw_results"":20,""rejected_results"":0,""rejection_counts"":{},""schema"":""TCOS_NATIVE_EBAY_FEED_V1"",""token_mode"":""client_credentials"",""warnings"":[]}"
dh-20260731T184251Z-gha-recovery,14,2026-07-31T18:59:51.940Z,eBay Native Browse,IVAN/ivan-demidov.autograph-memorabilia,COMPLETE,1,7,0,"{""accepted_results"":7,""deployment"":{""commitSha"":""36d21adfec00"",""environment"":""production"",""region"":""iad1""},""endpoint"":""https://truelycollectables.com/api/tcos/deal-hunter-native-ebay?perQuery=20&scope=ivan_demidov"",""family_id"":""ivan-demidov.autograph-memorabilia"",""gateway_scope"":""ivan_demidov"",""host"":""https://truelycollectables.com"",""producer_run_id"":""30657366693"",""query"":""Ivan Demidov NHL rookie autograph patch memorabilia"",""raw_results"":7,""rejected_results"":0,""rejection_counts"":{},""schema"":""TCOS_NATIVE_EBAY_FEED_V1"",""token_mode"":""client_credentials"",""warnings"":[]}"
dh-20260731T184251Z-gha-recovery,14,2026-07-31T18:59:51.940Z,eBay Native Browse,MICHKOV YG/matvei-michkov.exact-young-guns,COMPLETE,1,19,0,"{""accepted_results"":19,""deployment"":{""commitSha"":""36d21adfec00"",""environment"":""production"",""region"":""iad1""},""endpoint"":""https://truelycollectables.com/api/tcos/deal-hunter-native-ebay?perQuery=20&scope=matvei_michkov_young_guns"",""family_id"":""matvei-michkov.exact-young-guns"",""gateway_scope"":""matvei_michkov_young_guns"",""host"":""https://truelycollectables.com"",""producer_run_id"":""30657366693"",""query"":""Matvei Michkov Young Guns rookie"",""raw_results"":20,""rejected_results"":1,""rejection_counts"":{""young_guns_not_claimed"":1},""schema"":""TCOS_NATIVE_EBAY_FEED_V1"",""token_mode"":""client_credentials"",""warnings"":[]}"
dh-20260731T184251Z-gha-recovery,14,2026-07-31T18:59:51.940Z,eBay Native Browse,MICHKOV YG/matvei-michkov.young-guns-parallels,COMPLETE,1,18,0,"{""accepted_results"":18,""deployment"":{""commitSha"":""36d21adfec00"",""environment"":""production"",""region"":""iad1""},""endpoint"":""https://truelycollectables.com/api/tcos/deal-hunter-native-ebay?perQuery=20&scope=matvei_michkov_young_guns"",""family_id"":""matvei-michkov.young-guns-parallels"",""gateway_scope"":""matvei_michkov_young_guns"",""host"":""https://truelycollectables.com"",""producer_run_id"":""30657366693"",""query"":""Matvei Michkov Young Guns parallel"",""raw_results"":20,""rejected_results"":2,""rejection_counts"":{""michkov_name_or_misspelling_not_claimed"":1,""young_guns_not_claimed"":1},""schema"":""TCOS_NATIVE_EBAY_FEED_V1"",""token_mode"":""client_credentials"",""warnings"":[]}"
dh-20260731T184251Z-gha-recovery,14,2026-07-31T18:59:51.940Z,eBay Native Browse,MICHKOV YG/matvei-michkov.yg-abbreviation,COMPLETE,1,17,0,"{""accepted_results"":17,""deployment"":{""commitSha"":""36d21adfec00"",""environment"":""production"",""region"":""iad1""},""endpoint"":""https://truelycollectables.com/api/tcos/deal-hunter-native-ebay?perQuery=20&scope=matvei_michkov_young_guns"",""family_id"":""matvei-michkov.yg-abbreviation"",""gateway_scope"":""matvei_michkov_young_guns"",""host"":""https://truelycollectables.com"",""producer_run_id"":""30657366693"",""query"":""Matvei Michkov YG Philadelphia Flyers"",""raw_results"":20,""rejected_results"":3,""rejection_counts"":{""michkov_name_or_misspelling_not_claimed"":2,""young_guns_checklist_not_player_card"":1,""young_guns_not_claimed"":2},""schema"":""TCOS_NATIVE_EBAY_FEED_V1"",""token_mode"":""client_credentials"",""warnings"":[]}"
dh-20260731T184251Z-gha-recovery,14,2026-07-31T18:59:51.940Z,eBay Native Browse,MICHKOV YG/matvei-michkov.matvey-first-name,COMPLETE,1,20,0,"{""accepted_results"":20,""deployment"":{""commitSha"":""36d21adfec00"",""environment"":""production"",""region"":""iad1""},""endpoint"":""https://truelycollectables.com/api/tcos/deal-hunter-native-ebay?perQuery=20&scope=matvei_michkov_young_guns"",""family_id"":""matvei-michkov.matvey-first-name"",""gateway_scope"":""matvei_michkov_young_guns"",""host"":""https://truelycollectables.com"",""producer_run_id"":""30657366693"",""query"":""Matvey Michkov Young Guns"",""raw_results"":20,""rejected_results"":0,""rejection_counts"":{},""schema"":""TCOS_NATIVE_EBAY_FEED_V1"",""token_mode"":""client_credentials"",""warnings"":[]}"
dh-20260731T184251Z-gha-recovery,14,2026-07-31T18:59:51.940Z,eBay Native Browse,MICHKOV YG/matvei-michkov.matei-first-name,COMPLETE,1,0,0,"{""accepted_results"":0,""deployment"":{""commitSha"":""36d21adfec00"",""environment"":""production"",""region"":""iad1""},""endpoint"":""https://truelycollectables.com/api/tcos/deal-hunter-native-ebay?perQuery=20&scope=matvei_michkov_young_guns"",""family_id"":""matvei-michkov.matei-first-name"",""gateway_scope"":""matvei_michkov_young_guns"",""host"":""https://truelycollectables.com"",""producer_run_id"":""30657366693"",""query"":""Matei Michkov Young Guns"",""raw_results"":0,""rejected_results"":0,""rejection_counts"":{},""schema"":""TCOS_NATIVE_EBAY_FEED_V1"",""token_mode"":""client_credentials"",""warnings"":[]}"
dh-20260731T184251Z-gha-recovery,14,2026-07-31T18:59:51.940Z,eBay Native Browse,MICHKOV YG/matvei-michkov.michov-surname,COMPLETE,1,3,0,"{""accepted_results"":3,""deployment"":{""commitSha"":""36d21adfec00"",""environment"":""production"",""region"":""iad1""},""endpoint"":""https://truelycollectables.com/api/tcos/deal-hunter-native-ebay?perQuery=20&scope=matvei_michkov_young_guns"",""family_id"":""matvei-michkov.michov-surname"",""gateway_scope"":""matvei_michkov_young_guns"",""host"":""https://truelycollectables.com"",""producer_run_id"":""30657366693"",""query"":""Matvei Michov Young Guns"",""raw_results"":3,""rejected_results"":0,""rejection_counts"":{},""schema"":""TCOS_NATIVE_EBAY_FEED_V1"",""token_mode"":""client_credentials"",""warnings"":[]}"
dh-20260731T184251Z-gha-recovery,14,2026-07-31T18:59:51.940Z,eBay Native Browse,MICHKOV YG/matvei-michkov.mikhkov-surname,COMPLETE,1,0,0,"{""accepted_results"":0,""deployment"":{""commitSha"":""36d21adfec00"",""environment"":""production"",""region"":""iad1""},""endpoint"":""https://truelycollectables.com/api/tcos/deal-hunter-native-ebay?perQuery=20&scope=matvei_michkov_young_guns"",""family_id"":""matvei-michkov.mikhkov-surname"",""gateway_scope"":""matvei_michkov_young_guns"",""host"":""https://truelycollectables.com"",""producer_run_id"":""30657366693"",""query"":""Matvei Mikhkov Young Guns"",""raw_results"":0,""rejected_results"":0,""rejection_counts"":{},""schema"":""TCOS_NATIVE_EBAY_FEED_V1"",""token_mode"":""client_credentials"",""warnings"":[]}"
dh-20260731T184251Z-gha-recovery,14,2026-07-31T18:59:51.940Z,eBay Native Browse,MICHKOV YG/matvei-michkov.mitchkov-surname,COMPLETE,1,10,0,"{""accepted_results"":10,""deployment"":{""commitSha"":""36d21adfec00"",""environment"":""production"",""region"":""iad1""},""endpoint"":""https://truelycollectables.com/api/tcos/deal-hunter-native-ebay?perQuery=20&scope=matvei_michkov_young_guns"",""family_id"":""matvei-michkov.mitchkov-surname"",""gateway_scope"":""matvei_michkov_young_guns"",""host"":""https://truelycollectables.com"",""producer_run_id"":""30657366693"",""query"":""Mitchkov Young Guns Philadelphia Flyers"",""raw_results"":12,""rejected_results"":2,""rejection_counts"":{""young_guns_checklist_not_player_card"":2},""schema"":""TCOS_NATIVE_EBAY_FEED_V1"",""token_mode"":""client_credentials"",""warnings"":[]}"
dh-20260731T184251Z-gha-recovery,14,2026-07-31T18:59:51.940Z,eBay Native Browse,MICHKOV OPCP/matvei-michkov-opc-platinum.exact-o-pee-chee-rainbow,COMPLETE,1,20,0,"{""accepted_results"":20,""deployment"":{""commitSha"":""36d21adfec00"",""environment"":""production"",""region"":""iad1""},""endpoint"":""https://truelycollectables.com/api/tcos/deal-hunter-michkov-opc-platinum?perQuery=20"",""family_id"":""matvei-michkov-opc-platinum.exact-o-pee-chee-rainbow"",""gateway_scope"":""matvei_michkov_opc_platinum"",""host"":""https://truelycollectables.com"",""producer_run_id"":""30657366693"",""query"":""Matvei Michkov 2024-25 O-Pee-Chee Platinum Rainbow rookie"",""raw_results"":20,""rejected_results"":0,""rejection_counts"":{},""schema"":""TCOS_NATIVE_EBAY_FEED_V1"",""token_mode"":""client_credentials"",""warnings"":[]}"
dh-20260731T184251Z-gha-recovery,14,2026-07-31T18:59:51.940Z,eBay Native Browse,MICHKOV OPCP/matvei-michkov-opc-platinum.opc-rainbow,COMPLETE,1,19,0,"{""accepted_results"":19,""deployment"":{""commitSha"":""36d21adfec00"",""environment"":""production"",""region"":""iad1""},""endpoint"":""https://truelycollectables.com/api/tcos/deal-hunter-michkov-opc-platinum?perQuery=20"",""family_id"":""matvei-michkov-opc-platinum.opc-rainbow"",""gateway_scope"":""matvei_michkov_opc_platinum"",""host"":""https://truelycollectables.com"",""producer_run_id"":""30657366693"",""query"":""Matvei Michkov 2024-25 OPC Platinum Rainbow rookie"",""raw_results"":20,""rejected_results"":1,""rejection_counts"":{""opc_platinum_product_not_claimed"":1},""schema"":""TCOS_NATIVE_EBAY_FEED_V1"",""token_mode"":""client_credentials"",""warnings"":[]}"
dh-20260731T184251Z-gha-recovery,14,2026-07-31T18:59:51.940Z,eBay Native Browse,MICHKOV OPCP/matvei-michkov-opc-platinum.o-pee-chee-no-punctuation,COMPLETE,1,20,0,"{""accepted_results"":20,""deployment"":{""commitSha"":""36d21adfec00"",""environment"":""production"",""region"":""iad1""},""endpoint"":""https://truelycollectables.com/api/tcos/deal-hunter-michkov-opc-platinum?perQuery=20"",""family_id"":""matvei-michkov-opc-platinum.o-pee-chee-no-punctuation"",""gateway_scope"":""matvei_michkov_opc_platinum"",""host"":""https://truelycollectables.com"",""producer_run_id"":""30657366693"",""query"":""Matvei Michkov 2024-25 O Pee Chee Platinum Rainbow rookie"",""raw_results"":20,""rejected_results"":0,""rejection_counts"":{},""schema"":""TCOS_NATIVE_EBAY_FEED_V1"",""token_mode"":""client_credentials"",""warnings"":[]}"
dh-20260731T184251Z-gha-recovery,14,2026-07-31T18:59:51.940Z,eBay Native Browse,MICHKOV OPCP/matvei-michkov-opc-platinum.color-numbered-parallels,COMPLETE,1,0,0,"{""accepted_results"":0,""deployment"":{""commitSha"":""36d21adfec00"",""environment"":""production"",""region"":""iad1""},""endpoint"":""https://truelycollectables.com/api/tcos/deal-hunter-michkov-opc-platinum?perQuery=20"",""family_id"":""matvei-michkov-opc-platinum.color-numbered-parallels"",""gateway_scope"":""matvei_michkov_opc_platinum"",""host"":""https://truelycollectables.com"",""producer_run_id"":""30657366693"",""query"":""Matvei Michkov OPC Platinum rookie parallel color numbered"",""raw_results"":0,""rejected_results"":0,""rejection_counts"":{},""schema"":""TCOS_NATIVE_EBAY_FEED_V1"",""token_mode"":""client_credentials"",""warnings"":[]}"
dh-20260731T184251Z-gha-recovery,14,2026-07-31T18:59:51.940Z,eBay Native Browse,MICHKOV OPCP/matvei-michkov-opc-platinum.rookie-autographs,COMPLETE,1,13,0,"{""accepted_results"":13,""deployment"":{""commitSha"":""36d21adfec00"",""environment"":""production"",""region"":""iad1""},""endpoint"":""https://truelycollectables.com/api/tcos/deal-hunter-michkov-opc-platinum?perQuery=20"",""family_id"":""matvei-michkov-opc-platinum.rookie-autographs"",""gateway_scope"":""matvei_michkov_opc_platinum"",""host"":""https://truelycollectables.com"",""producer_run_id"":""30657366693"",""query"":""Matvei Michkov O-Pee-Chee Platinum rookie autograph auto"",""raw_results"":14,""rejected_results"":1,""rejection_counts"":{""opc_platinum_product_not_claimed"":1},""schema"":""TCOS_NATIVE_EBAY_FEED_V1"",""token_mode"":""client_credentials"",""warnings"":[]}"
dh-20260731T184251Z-gha-recovery,14,2026-07-31T18:59:51.940Z,eBay Native Browse,MICHKOV OPCP/matvei-michkov-opc-platinum.matvey-first-name,COMPLETE,1,20,0,"{""accepted_results"":20,""deployment"":{""commitSha"":""36d21adfec00"",""environment"":""production"",""region"":""iad1""},""endpoint"":""https://truelycollectables.com/api/tcos/deal-hunter-michkov-opc-platinum?perQuery=20"",""family_id"":""matvei-michkov-opc-platinum.matvey-first-name"",""gateway_scope"":""matvei_michkov_opc_platinum"",""host"":""https://truelycollectables.com"",""producer_run_id"":""30657366693"",""query"":""Matvey Michkov OPC Platinum Rainbow rookie"",""raw_results"":20,""rejected_results"":0,""rejection_counts"":{},""schema"":""TCOS_NATIVE_EBAY_FEED_V1"",""token_mode"":""client_credentials"",""warnings"":[]}"
dh-20260731T184251Z-gha-recovery,14,2026-07-31T18:59:51.940Z,eBay Native Browse,MICHKOV OPCP/matvei-michkov-opc-platinum.matei-first-name,COMPLETE,1,0,0,"{""accepted_results"":0,""deployment"":{""commitSha"":""36d21adfec00"",""environment"":""production"",""region"":""iad1""},""endpoint"":""https://truelycollectables.com/api/tcos/deal-hunter-michkov-opc-platinum?perQuery=20"",""family_id"":""matvei-michkov-opc-platinum.matei-first-name"",""gateway_scope"":""matvei_michkov_opc_platinum"",""host"":""https://truelycollectables.com"",""producer_run_id"":""30657366693"",""query"":""Matei Michkov OPC Platinum Rainbow rookie"",""raw_results"":0,""rejected_results"":0,""rejection_counts"":{},""schema"":""TCOS_NATIVE_EBAY_FEED_V1"",""token_mode"":""client_credentials"",""warnings"":[]}"
dh-20260731T184251Z-gha-recovery,14,2026-07-31T18:59:51.940Z,eBay Native Browse,MICHKOV OPCP/matvei-michkov-opc-platinum.michov-surname,COMPLETE,1,0,0,"{""accepted_results"":0,""deployment"":{""commitSha"":""36d21adfec00"",""environment"":""production"",""region"":""iad1""},""endpoint"":""https://truelycollectables.com/api/tcos/deal-hunter-michkov-opc-platinum?perQuery=20"",""family_id"":""matvei-michkov-opc-platinum.michov-surname"",""gateway_scope"":""matvei_michkov_opc_platinum"",""host"":""https://truelycollectables.com"",""producer_run_id"":""30657366693"",""query"":""Matvei Michov OPC Platinum Rainbow rookie"",""raw_results"":0,""rejected_results"":0,""rejection_counts"":{},""schema"":""TCOS_NATIVE_EBAY_FEED_V1"",""token_mode"":""client_credentials"",""warnings"":[]}"
dh-20260731T184251Z-gha-recovery,14,2026-07-31T18:59:51.940Z,eBay Native Browse,MICHKOV OPCP/matvei-michkov-opc-platinum.mikhkov-surname,COMPLETE,1,0,0,"{""accepted_results"":0,""deployment"":{""commitSha"":""36d21adfec00"",""environment"":""production"",""region"":""iad1""},""endpoint"":""https://truelycollectables.com/api/tcos/deal-hunter-michkov-opc-platinum?perQuery=20"",""family_id"":""matvei-michkov-opc-platinum.mikhkov-surname"",""gateway_scope"":""matvei_michkov_opc_platinum"",""host"":""https://truelycollectables.com"",""producer_run_id"":""30657366693"",""query"":""Matvei Mikhkov OPC Platinum Rainbow rookie"",""raw_results"":0,""rejected_results"":0,""rejection_counts"":{},""schema"":""TCOS_NATIVE_EBAY_FEED_V1"",""token_mode"":""client_credentials"",""warnings"":[]}"
dh-20260731T184251Z-gha-recovery,14,2026-07-31T18:59:51.940Z,eBay Native Browse,MICHKOV OPCP/matvei-michkov-opc-platinum.mitchkov-surname,COMPLETE,1,0,0,"{""accepted_results"":0,""deployment"":{""commitSha"":""36d21adfec00"",""environment"":""production"",""region"":""iad1""},""endpoint"":""https://truelycollectables.com/api/tcos/deal-hunter-michkov-opc-platinum?perQuery=20"",""family_id"":""matvei-michkov-opc-platinum.mitchkov-surname"",""gateway_scope"":""matvei_michkov_opc_platinum"",""host"":""https://truelycollectables.com"",""producer_run_id"":""30657366693"",""query"":""Mitchkov OPC Platinum rookie parallel Philadelphia Flyers"",""raw_results"":0,""rejected_results"":0,""rejection_counts"":{},""schema"":""TCOS_NATIVE_EBAY_FEED_V1"",""token_mode"":""client_credentials"",""warnings"":[]}"
dh-20260731T184251Z-gha-recovery,14,2026-07-31T18:59:51.940Z,eBay Native Browse,MLB PROSPECT/baseball-prospect.jesus-made.true-first-bowman,COMPLETE,1,20,0,"{""accepted_results"":20,""deployment"":{""commitSha"":""36d21adfec00"",""environment"":""production"",""region"":""iad1""},""endpoint"":""https://truelycollectables.com/api/tcos/deal-hunter-native-ebay?perQuery=20&scope=baseball_prospects"",""family_id"":""baseball-prospect.jesus-made.true-first-bowman"",""gateway_scope"":""baseball_prospects"",""host"":""https://truelycollectables.com"",""producer_run_id"":""30657366693"",""query"":""Jesus Made 1st Bowman Chrome"",""raw_results"":20,""rejected_results"":0,""rejection_counts"":{},""schema"":""TCOS_NATIVE_EBAY_FEED_V1"",""token_mode"":""client_credentials"",""warnings"":[]}"
dh-20260731T184251Z-gha-recovery,14,2026-07-31T18:59:51.940Z,eBay Native Browse,MLB PROSPECT/baseball-prospect.jesus-made.first-bowman-auto-color,COMPLETE,1,4,0,"{""accepted_results"":4,""deployment"":{""commitSha"":""36d21adfec00"",""environment"":""production"",""region"":""iad1""},""endpoint"":""https://truelycollectables.com/api/tcos/deal-hunter-native-ebay?perQuery=20&scope=baseball_prospects"",""family_id"":""baseball-prospect.jesus-made.first-bowman-auto-color"",""gateway_scope"":""baseball_prospects"",""host"":""https://truelycollectables.com"",""producer_run_id"":""30657366693"",""query"":""Jesus Made 1st Bowman autograph color numbered"",""raw_results"":4,""rejected_results"":0,""rejection_counts"":{},""schema"":""TCOS_NATIVE_EBAY_FEED_V1"",""token_mode"":""client_credentials"",""warnings"":[]}"
dh-20260731T184251Z-gha-recovery,14,2026-07-31T18:59:51.940Z,eBay Native Browse,MLB PROSPECT/baseball-prospect.leo-de-vries.true-first-bowman,COMPLETE,1,20,0,"{""accepted_results"":20,""deployment"":{""commitSha"":""36d21adfec00"",""environment"":""production"",""region"":""iad1""},""endpoint"":""https://truelycollectables.com/api/tcos/deal-hunter-native-ebay?perQuery=20&scope=baseball_prospects"",""family_id"":""baseball-prospect.leo-de-vries.true-first-bowman"",""gateway_scope"":""baseball_prospects"",""host"":""https://truelycollectables.com"",""producer_run_id"":""30657366693"",""query"":""Leo De Vries 1st Bowman Chrome"",""raw_results"":20,""rejected_results"":0,""rejection_counts"":{},""schema"":""TCOS_NATIVE_EBAY_FEED_V1"",""token_mode"":""client_credentials"",""warnings"":[]}"
dh-20260731T184251Z-gha-recovery,14,2026-07-31T18:59:51.940Z,eBay Native Browse,MLB PROSPECT/baseball-prospect.leo-de-vries.first-bowman-auto-color,COMPLETE,1,2,0,"{""accepted_results"":2,""deployment"":{""commitSha"":""36d21adfec00"",""environment"":""production"",""region"":""iad1""},""endpoint"":""https://truelycollectables.com/api/tcos/deal-hunter-native-ebay?perQuery=20&scope=baseball_prospects"",""family_id"":""baseball-prospect.leo-de-vries.first-bowman-auto-color"",""gateway_scope"":""baseball_prospects"",""host"":""https://truelycollectables.com"",""producer_run_id"":""30657366693"",""query"":""Leo De Vries 1st Bowman autograph color numbered"",""raw_results"":2,""rejected_results"":0,""rejection_counts"":{},""schema"":""TCOS_NATIVE_EBAY_FEED_V1"",""token_mode"":""client_credentials"",""warnings"":[]}"
dh-20260731T184251Z-gha-recovery,14,2026-07-31T18:59:51.940Z,eBay Native Browse,MLB PROSPECT/baseball-prospect.josue-de-paula.true-first-bowman,COMPLETE,1,20,0,"{""accepted_results"":20,""deployment"":{""commitSha"":""36d21adfec00"",""environment"":""production"",""region"":""iad1""},""endpoint"":""https://truelycollectables.com/api/tcos/deal-hunter-native-ebay?perQuery=20&scope=baseball_prospects"",""family_id"":""baseball-prospect.josue-de-paula.true-first-bowman"",""gateway_scope"":""baseball_prospects"",""host"":""https://truelycollectables.com"",""producer_run_id"":""30657366693"",""query"":""Josue De Paula 1st Bowman Chrome"",""raw_results"":20,""rejected_results"":0,""rejection_counts"":{},""schema"":""TCOS_NATIVE_EBAY_FEED_V1"",""token_mode"":""client_credentials"",""warnings"":[]}"
dh-20260731T184251Z-gha-recovery,14,2026-07-31T18:59:51.940Z,eBay Native Browse,MLB PROSPECT/baseball-prospect.josue-de-paula.first-bowman-auto-color,COMPLETE,1,1,0,"{""accepted_results"":1,""deployment"":{""commitSha"":""36d21adfec00"",""environment"":""production"",""region"":""iad1""},""endpoint"":""https://truelycollectables.com/api/tcos/deal-hunter-native-ebay?perQuery=20&scope=baseball_prospects"",""family_id"":""baseball-prospect.josue-de-paula.first-bowman-auto-color"",""gateway_scope"":""baseball_prospects"",""host"":""https://truelycollectables.com"",""producer_run_id"":""30657366693"",""query"":""Josue De Paula 1st Bowman autograph color numbered"",""raw_results"":1,""rejected_results"":0,""rejection_counts"":{},""schema"":""TCOS_NATIVE_EBAY_FEED_V1"",""token_mode"":""client_credentials"",""warnings"":[]}"
dh-20260731T184251Z-gha-recovery,14,2026-07-31T18:59:51.940Z,eBay Native Browse,MLB PROSPECT/baseball-prospect.george-lombard-jr.true-first-bowman,COMPLETE,1,20,0,"{""accepted_results"":20,""deployment"":{""commitSha"":""36d21adfec00"",""environment"":""production"",""region"":""iad1""},""endpoint"":""https://truelycollectables.com/api/tcos/deal-hunter-native-ebay?perQuery=20&scope=baseball_prospects"",""family_id"":""baseball-prospect.george-lombard-jr.true-first-bowman"",""gateway_scope"":""baseball_prospects"",""host"":""https://truelycollectables.com"",""producer_run_id"":""30657366693"",""query"":""George Lombard Jr 1st Bowman Chrome"",""raw_results"":20,""rejected_results"":0,""rejection_counts"":{},""schema"":""TCOS_NATIVE_EBAY_FEED_V1"",""token_mode"":""client_credentials"",""warnings"":[]}"
dh-20260731T184251Z-gha-recovery,14,2026-07-31T18:59:51.940Z,eBay Native Browse,MLB PROSPECT/baseball-prospect.george-lombard-jr.first-bowman-auto-color,COMPLETE,1,0,0,"{""accepted_results"":0,""deployment"":{""commitSha"":""36d21adfec00"",""environment"":""production"",""region"":""iad1""},""endpoint"":""https://truelycollectables.com/api/tcos/deal-hunter-native-ebay?perQuery=20&scope=baseball_prospects"",""family_id"":""baseball-prospect.george-lombard-jr.first-bowman-auto-color"",""gateway_scope"":""baseball_prospects"",""host"":""https://truelycollectables.com"",""producer_run_id"":""30657366693"",""query"":""George Lombard Jr 1st Bowman autograph color numbered"",""raw_results"":0,""rejected_results"":0,""rejection_counts"":{},""schema"":""TCOS_NATIVE_EBAY_FEED_V1"",""token_mode"":""client_credentials"",""warnings"":[]}"
dh-20260731T184251Z-gha-recovery,14,2026-07-31T18:59:51.940Z,eBay Native Browse,MLB PROSPECT/baseball-prospect.franklin-arias.true-first-bowman,COMPLETE,1,20,0,"{""accepted_results"":20,""deployment"":{""commitSha"":""36d21adfec00"",""environment"":""production"",""region"":""iad1""},""endpoint"":""https://truelycollectables.com/api/tcos/deal-hunter-native-ebay?perQuery=20&scope=baseball_prospects"",""family_id"":""baseball-prospect.franklin-arias.true-first-bowman"",""gateway_scope"":""baseball_prospects"",""host"":""https://truelycollectables.com"",""producer_run_id"":""30657366693"",""query"":""Franklin Arias 1st Bowman Chrome"",""raw_results"":20,""rejected_results"":0,""rejection_counts"":{},""schema"":""TCOS_NATIVE_EBAY_FEED_V1"",""token_mode"":""client_credentials"",""warnings"":[]}"
dh-20260731T184251Z-gha-recovery,14,2026-07-31T18:59:51.940Z,eBay Native Browse,MLB PROSPECT/baseball-prospect.franklin-arias.first-bowman-auto-color,COMPLETE,1,0,0,"{""accepted_results"":0,""deployment"":{""commitSha"":""36d21adfec00"",""environment"":""production"",""region"":""iad1""},""endpoint"":""https://truelycollectables.com/api/tcos/deal-hunter-native-ebay?perQuery=20&scope=baseball_prospects"",""family_id"":""baseball-prospect.franklin-arias.first-bowman-auto-color"",""gateway_scope"":""baseball_prospects"",""host"":""https://truelycollectables.com"",""producer_run_id"":""30657366693"",""query"":""Franklin Arias 1st Bowman autograph color numbered"",""raw_results"":0,""rejected_results"":0,""rejection_counts"":{},""schema"":""TCOS_NATIVE_EBAY_FEED_V1"",""token_mode"":""client_credentials"",""warnings"":[]}"
dh-20260731T184251Z-gha-recovery,14,2026-07-31T18:59:51.940Z,eBay Native Browse,SIGNED BALL/signed-baseball.jesus-made,COMPLETE,1,18,0,"{""accepted_results"":18,""deployment"":{""commitSha"":""36d21adfec00"",""environment"":""production"",""region"":""iad1""},""endpoint"":""https://truelycollectables.com/api/tcos/deal-hunter-native-ebay?perQuery=20&scope=signed_baseballs"",""family_id"":""signed-baseball.jesus-made"",""gateway_scope"":""signed_baseballs"",""host"":""https://truelycollectables.com"",""producer_run_id"":""30657366693"",""query"":""Jesus Made signed baseball autograph"",""raw_results"":20,""rejected_results"":2,""rejection_counts"":{""signature_not_claimed"":2},""schema"":""TCOS_NATIVE_EBAY_FEED_V1"",""token_mode"":""client_credentials"",""warnings"":[]}"
dh-20260731T184251Z-gha-recovery,14,2026-07-31T18:59:51.940Z,eBay Native Browse,SIGNED BALL/signed-baseball.leo-de-vries,COMPLETE,1,14,0,"{""accepted_results"":14,""deployment"":{""commitSha"":""36d21adfec00"",""environment"":""production"",""region"":""iad1""},""endpoint"":""https://truelycollectables.com/api/tcos/deal-hunter-native-ebay?perQuery=20&scope=signed_baseballs"",""family_id"":""signed-baseball.leo-de-vries"",""gateway_scope"":""signed_baseballs"",""host"":""https://truelycollectables.com"",""producer_run_id"":""30657366693"",""query"":""Leo De Vries signed baseball autograph"",""raw_results"":20,""rejected_results"":6,""rejection_counts"":{""signature_not_claimed"":6},""schema"":""TCOS_NATIVE_EBAY_FEED_V1"",""token_mode"":""client_credentials"",""warnings"":[]}"
dh-20260731T184251Z-gha-recovery,14,2026-07-31T18:59:51.940Z,eBay Native Browse,SIGNED BALL/signed-baseball.josue-de-paula,COMPLETE,1,19,0,"{""accepted_results"":19,""deployment"":{""commitSha"":""36d21adfec00"",""environment"":""production"",""region"":""iad1""},""endpoint"":""https://truelycollectables.com/api/tcos/deal-hunter-native-ebay?perQuery=20&scope=signed_baseballs"",""family_id"":""signed-baseball.josue-de-paula"",""gateway_scope"":""signed_baseballs"",""host"":""https://truelycollectables.com"",""producer_run_id"":""30657366693"",""query"":""Josue De Paula signed baseball autograph"",""raw_results"":20,""rejected_results"":1,""rejection_counts"":{""signature_not_claimed"":1},""schema"":""TCOS_NATIVE_EBAY_FEED_V1"",""token_mode"":""client_credentials"",""warnings"":[]}"
dh-20260731T184251Z-gha-recovery,14,2026-07-31T18:59:51.940Z,eBay Native Browse,SIGNED BALL/signed-baseball.george-lombard-jr,COMPLETE,1,18,0,"{""accepted_results"":18,""deployment"":{""commitSha"":""36d21adfec00"",""environment"":""production"",""region"":""iad1""},""endpoint"":""https://truelycollectables.com/api/tcos/deal-hunter-native-ebay?perQuery=20&scope=signed_baseballs"",""family_id"":""signed-baseball.george-lombard-jr"",""gateway_scope"":""signed_baseballs"",""host"":""https://truelycollectables.com"",""producer_run_id"":""30657366693"",""query"":""George Lombard Jr signed baseball autograph"",""raw_results"":20,""rejected_results"":2,""rejection_counts"":{""custom_reprint_digital_break_or_mystery"":1,""signature_not_claimed"":1},""schema"":""TCOS_NATIVE_EBAY_FEED_V1"",""token_mode"":""client_credentials"",""warnings"":[]}"
dh-20260731T184251Z-gha-recovery,14,2026-07-31T18:59:51.940Z,eBay Native Browse,SIGNED BALL/signed-baseball.franklin-arias,COMPLETE,1,14,0,"{""accepted_results"":14,""deployment"":{""commitSha"":""36d21adfec00"",""environment"":""production"",""region"":""iad1""},""endpoint"":""https://truelycollectables.com/api/tcos/deal-hunter-native-ebay?perQuery=20&scope=signed_baseballs"",""family_id"":""signed-baseball.franklin-arias"",""gateway_scope"":""signed_baseballs"",""host"":""https://truelycollectables.com"",""producer_run_id"":""30657366693"",""query"":""Franklin Arias signed baseball autograph"",""raw_results"":20,""rejected_results"":6,""rejection_counts"":{""signature_not_claimed"":6},""schema"":""TCOS_NATIVE_EBAY_FEED_V1"",""token_mode"":""client_credentials"",""warnings"":[]}"
dh-20260731T184251Z-gha-recovery,14,2026-07-31T12:46:00-06:00,CollX Public Indexed,all card lanes,COMPLETE,4,1,0,"{""danny_norris"":""No independently verified public indexed seller inventory in this coverage pass."",""eligibility"":""Not accepted as an official verified professional rookie target; no direct checkout/back-image/exact sold baseline."",""limitations"":[""public indexed coverage only"",""no exact physical-copy verification"",""no identical completed-sale baseline""],""queries_executed"":4,""result"":""One public profile-level result found: Ivan Demidov 2025-26 Allure Color Flow Yellow-Green #CF-22 at $7.86."",""source_url"":""https://share.collx.app/user4724772""}"
